{
	"events": [
		{
			"background": "res://File Storage/Screenshot 2023-02-28 180145.png",
			"event_id": "dialogic_021"
		},
		{
			"character": "",
			"event_id": "dialogic_001",
			"portrait": "",
			"text": "You arrive in the cafeteria"
		},
		{
			"definition": "1677612276-366",
			"event_id": "dialogic_014",
			"operation": "=",
			"random_upper_limit": 100,
			"set_random": false,
			"set_value": "2"
		},
		{
			"character": "",
			"event_id": "dialogic_001",
			"portrait": "",
			"text": "Looking around the cafeteria you see that Star from Earlier."
		},
		{
			"animation": "[Default]",
			"animation_length": 0,
			"change_mirror_portrait": false,
			"change_z_index": false,
			"character": "character-1677459557.json",
			"event_id": "dialogic_002",
			"mirror_portrait": true,
			"portrait": "Default",
			"portrait_definition": "",
			"position": {
				"0": false,
				"1": false,
				"2": false,
				"3": true,
				"4": false
			},
			"type": 0,
			"z_index": 0
		},
		{
			"character": "character-1677459557.json",
			"event_id": "dialogic_001",
			"portrait": "",
			"text": "Oh hey its you! "
		},
		{
			"character": "character-1677459557.json",
			"event_id": "dialogic_010",
			"options": [

			],
			"portrait": "",
			"question": "i didn't think i'd see you again so soon, guess you're hungry?"
		},
		{
			"choice": "Yeah what is there to eat?",
			"condition": "",
			"definition": "",
			"event_id": "dialogic_011",
			"value": ""
		},
		{
			"character": "character-1677459557.json",
			"event_id": "dialogic_001",
			"portrait": "",
			"text": "Food is food, isn't like a home cooked meal thou"
		},
		{
			"animation": "[Default]",
			"animation_length": 0,
			"change_mirror_portrait": false,
			"change_z_index": false,
			"character": "character-1677466402.json",
			"event_id": "dialogic_002",
			"mirror_portrait": false,
			"portrait": "Default",
			"portrait_definition": "",
			"position": {
				"0": false,
				"1": true,
				"2": false,
				"3": false,
				"4": false
			},
			"type": 0,
			"z_index": 0
		},
		{
			"character": "character-1677466402.json",
			"event_id": "dialogic_001",
			"portrait": "",
			"text": "What is that supposed to mean? I am the cook for today! "
		},
		{
			"event_id": "dialogic_015",
			"id": "anchor-1677615780",
			"index": 0,
			"name": "SvM"
		},
		{
			"character": "character-1677459557.json",
			"event_id": "dialogic_001",
			"portrait": "",
			"text": "Don't take any offense, the food just isn't good."
		},
		{
			"character": "character-1677466402.json",
			"event_id": "dialogic_001",
			"portrait": "",
			"text": "Why are you so mean? Here, try this!"
		},
		{
			"character": "",
			"event_id": "dialogic_001",
			"portrait": "",
			"text": "She pushes a spoon of slop in your mouth."
		},
		{
			"character": "",
			"event_id": "dialogic_010",
			"options": [

			],
			"portrait": "",
			"question": "It tastes..."
		},
		{
			"choice": "Good!",
			"condition": "",
			"definition": "",
			"event_id": "dialogic_011",
			"value": ""
		},
		{
			"character": "character-1677466402.json",
			"event_id": "dialogic_001",
			"portrait": "",
			"text": "See! "
		},
		{
			"character": "character-1677459557.json",
			"event_id": "dialogic_001",
			"portrait": "",
			"text": "Hm, some people have strange tastes"
		},
		{
			"definition": "1677460674-740",
			"event_id": "dialogic_014",
			"operation": "-",
			"random_upper_limit": 100,
			"set_random": false,
			"set_value": "1"
		},
		{
			"character": "character-1677466402.json",
			"event_id": "dialogic_001",
			"portrait": "",
			"text": "I tried really hard on that, I'm glad you liked it. "
		},
		{
			"definition": "1677467491-648",
			"event_id": "dialogic_014",
			"operation": "+",
			"random_upper_limit": 100,
			"set_random": false,
			"set_value": "2"
		},
		{
			"choice": "Awful",
			"condition": "",
			"definition": "",
			"event_id": "dialogic_011",
			"value": ""
		},
		{
			"character": "character-1677466402.json",
			"event_id": "dialogic_001",
			"portrait": "",
			"text": "oh..."
		},
		{
			"character": "",
			"event_id": "dialogic_001",
			"portrait": "",
			"text": "She looks as though she is about to cry"
		},
		{
			"definition": "1677467491-648",
			"event_id": "dialogic_014",
			"operation": "-",
			"random_upper_limit": 100,
			"set_random": false,
			"set_value": "4"
		},
		{
			"character": "character-1677459557.json",
			"event_id": "dialogic_001",
			"portrait": "",
			"text": "I can't blame yah, the stuff is quite bad"
		},
		{
			"definition": "1677460674-740",
			"event_id": "dialogic_014",
			"operation": "+",
			"random_upper_limit": 100,
			"set_random": false,
			"set_value": "3"
		},
		{
			"choice": "You are bad at making choices",
			"condition": "",
			"definition": "",
			"event_id": "dialogic_011",
			"value": ""
		},
		{
			"character": "character-1677466402.json",
			"event_id": "dialogic_001",
			"portrait": "",
			"text": "See she's silent she likes it"
		},
		{
			"character": "character-1677459557.json",
			"event_id": "dialogic_001",
			"portrait": "",
			"text": "Sure, whatever you want to think"
		},
		{
			"character": "",
			"event_id": "dialogic_001",
			"portrait": "",
			"text": "You are bad at making choices, yet you are playing a VN, curious life style you follow"
		},
		{
			"event_id": "dialogic_013"
		},
		{
			"choice": "Nah just traveling around",
			"condition": "",
			"definition": "",
			"event_id": "dialogic_011",
			"value": ""
		},
		{
			"character": "character-1677459557.json",
			"event_id": "dialogic_001",
			"portrait": "",
			"text": "Getting a tour of the facility, understanable, S-23 is pretty large after all. "
		},
		{
			"anchor_id": "anchor-1677615774",
			"event_id": "dialogic_016"
		},
		{
			"choice": "What is it to You?",
			"condition": "<",
			"definition": "1677460674-740",
			"event_id": "dialogic_011",
			"value": "3"
		},
		{
			"character": "character-1677459557.json",
			"event_id": "dialogic_001",
			"portrait": "",
			"text": "Hostile, someone should be put in her place-"
		},
		{
			"definition": "1677460674-740",
			"event_id": "dialogic_014",
			"operation": "-",
			"random_upper_limit": 100,
			"set_random": false,
			"set_value": "-2"
		},
		{
			"character": "",
			"event_id": "dialogic_001",
			"portrait": "",
			"text": "Eule Marz appears out of the corner of your eye to interupt her from attacking you. "
		},
		{
			"event_id": "dialogic_015",
			"id": "anchor-1677615774",
			"index": 0,
			"name": "MarzIntro"
		},
		{
			"animation": "[Default]",
			"animation_length": 0,
			"change_mirror_portrait": false,
			"change_z_index": false,
			"character": "character-1677466402.json",
			"event_id": "dialogic_002",
			"mirror_portrait": false,
			"portrait": "Default",
			"portrait_definition": "",
			"position": {
				"0": false,
				"1": true,
				"2": false,
				"3": false,
				"4": false
			},
			"type": 0,
			"z_index": 0
		},
		{
			"character": "character-1677466402.json",
			"event_id": "dialogic_001",
			"portrait": "",
			"text": "Hey hey!"
		},
		{
			"character": "character-1677459557.json",
			"event_id": "dialogic_001",
			"portrait": "",
			"text": "Oh its you..."
		},
		{
			"character": "character-1677466402.json",
			"event_id": "dialogic_001",
			"portrait": "",
			"text": "Yeah! I'm the cook for today!"
		},
		{
			"character": "character-1677459557.json",
			"event_id": "dialogic_001",
			"portrait": "",
			"text": "Ah..."
		},
		{
			"character": "character-1677466402.json",
			"event_id": "dialogic_001",
			"portrait": "",
			"text": "What do you mean by that?!"
		},
		{
			"anchor_id": "anchor-1677615780",
			"event_id": "dialogic_016"
		},
		{
			"choice": "Im Hungry for You",
			"condition": ">=",
			"definition": "1677460674-740",
			"event_id": "dialogic_011",
			"value": "3"
		},
		{
			"character": "character-1677459557.json",
			"event_id": "dialogic_001",
			"portrait": "",
			"text": "Oh! Are you now-"
		},
		{
			"definition": "1677460674-740",
			"event_id": "dialogic_014",
			"operation": "+",
			"random_upper_limit": 100,
			"set_random": false,
			"set_value": "2"
		},
		{
			"anchor_id": "anchor-1677615774",
			"event_id": "dialogic_016"
		},
		{
			"event_id": "dialogic_013"
		},
		{
			"event_id": "dialogic_015",
			"id": "anchor-1634488067",
			"index": 0,
			"name": "DayChoice"
		},
		{
			"animation": "[Default]",
			"animation_length": 0,
			"change_mirror_portrait": false,
			"change_z_index": false,
			"character": "character-1677459557.json",
			"event_id": "dialogic_002",
			"mirror_portrait": false,
			"portrait": "",
			"portrait_definition": "",
			"position": {
				"0": false,
				"1": false,
				"2": false,
				"3": false,
				"4": false
			},
			"type": 1,
			"z_index": 0
		},
		{
			"animation": "[Default]",
			"animation_length": 0,
			"change_mirror_portrait": false,
			"change_z_index": false,
			"character": "character-1677466402.json",
			"event_id": "dialogic_002",
			"mirror_portrait": false,
			"portrait": "",
			"portrait_definition": "",
			"position": {
				"0": false,
				"1": false,
				"2": false,
				"3": false,
				"4": false
			},
			"type": 1,
			"z_index": 0
		},
		{
			"character": "",
			"event_id": "dialogic_010",
			"options": [

			],
			"portrait": "",
			"question": "You have a feeling that if you spend any more time around these two a fight will start, where do you go next?"
		},
		{
			"choice": "Library",
			"condition": "==",
			"definition": "1677612289-146",
			"event_id": "dialogic_011",
			"value": "1"
		},
		{
			"change_timeline": "timeline-1677468560.json",
			"event_id": "dialogic_020"
		},
		{
			"choice": "Classrooms",
			"condition": "==",
			"definition": "1677612298-918",
			"event_id": "dialogic_011",
			"value": "1"
		},
		{
			"change_timeline": "timeline-1677468601.json",
			"event_id": "dialogic_020"
		},
		{
			"choice": "Let's go back to The Dorm",
			"condition": "",
			"definition": "",
			"event_id": "dialogic_011",
			"value": ""
		},
		{
			"condition": "!=",
			"definition": "1677612289-146",
			"event_id": "dialogic_012",
			"value": "1"
		},
		{
			"condition": "!=",
			"definition": "1677612298-918",
			"event_id": "dialogic_012",
			"value": "1"
		},
		{
			"change_timeline": "timeline-1677612165.json",
			"event_id": "dialogic_020"
		},
		{
			"event_id": "dialogic_013"
		},
		{
			"character": "",
			"event_id": "dialogic_001",
			"portrait": "",
			"text": "It is too early to sleep."
		},
		{
			"anchor_id": "anchor-1634488067",
			"event_id": "dialogic_016"
		},
		{
			"event_id": "dialogic_013"
		},
		{
			"character": "",
			"event_id": "dialogic_001",
			"portrait": "",
			"text": "It's too early to sleep. "
		},
		{
			"anchor_id": "anchor-1634488067",
			"event_id": "dialogic_016"
		},
		{
			"event_id": "dialogic_013"
		}
	],
	"metadata": {
		"dialogic-version": "1.4.5",
		"file": "timeline-1677468370.json",
		"name": "Cafeteria"
	}
}
